{
  "bodyTypeName": "teen",
  "url": "https://liberatedpixelcup.github.io/Universal-LPC-Spritesheet-Character-Generator/#?body=Body_color_light&head=Human_male_light&wound_brain=none_Brain&expression=none_Happy&eye_color=Eye_Color_blue&hair=Long_band_blonde&clothes=Sleeveless_2_green&legs=Short_Shorts_navy&shoes=Basic_Shoes_white&beard=none_Basic_Beard&nose=Straight_nose_light&sex=teen",
  "spritesheets": "https://liberatedpixelcup.github.io/Universal-LPC-Spritesheet-Character-Generator/spritesheets/",
  "version": 1,
  "datetime": "7/3/2025, 4:57:05 PM",
  "credits": [
    {
      "fileName": "body/bodies/teen/light.png",
      "licenses": "OGA-BY 3.0,CC-BY-SA 3.0,GPL 3.0",
      "authors": "bluecarrot16,Evert,TheraHedwig,Benjamin K. Smith (BenCreating),MuffinElZangano,Durrani,Pierre Vigier (pvigier),Eliza Wyatt (ElizaWy),Matthew Krohn (makrohn),Johannes Sjölund (wulax),Stephen Challener (Redshrike)",
      "urls": "https://opengameart.org/content/liberated-pixel-cup-lpc-base-assets-sprites-map-tiles,https://opengameart.org/content/lpc-medieval-fantasy-character-sprites,https://opengameart.org/content/lpc-ladies,https://opengameart.org/content/lpc-teen-unisex-base-clothes,https://opengameart.org/content/lpc-jump-expanded,https://opengameart.org/content/lpc-revised-character-basics,https://opengameart.org/content/lpc-be-seated,https://gitlab.com/vagabondgame/lpc-characters,https://opengameart.org/content/lpc-male-jumping-animation-by-durrani,https://opengameart.org/content/lpc-jump-expanded",
      "notes": "see details at https://opengameart.org/content/lpc-character-bases; 'Thick' Male Revised Run/Climb by JaidynReiman (based on ElizaWy's LPC Revised)"
    },
    {
      "fileName": "head/heads/human/male/light.png",
      "licenses": "OGA-BY 3.0,CC-BY-SA 3.0,GPL 3.0",
      "authors": "bluecarrot16,Benjamin K. Smith (BenCreating),Stephen Challener (Redshrike)",
      "urls": "https://opengameart.org/content/liberated-pixel-cup-lpc-base-assets-sprites-map-tiles,https://opengameart.org/content/lpc-character-bases",
      "notes": "original head by Redshrike, tweaks by BenCreating, modular version by bluecarrot16"
    },
    {
      "fileName": "eyes/human/adult/undefined/blue.png",
      "licenses": "OGA-BY 3.0,CC-BY-SA 3.0,GPL 3.0",
      "authors": "JaidynReiman,Matthew Krohn (makrohn),Stephen Challener (Redshrike)",
      "urls": "https://opengameart.org/content/liberated-pixel-cup-lpc-base-assets-sprites-map-tiles",
      "notes": "original by Redshrike, mapped to all frames by Matthew Krohn & JaidynReiman"
    },
    {
      "fileName": "head/nose/straight/adult/light.png",
      "licenses": "GPL 3.0,CC-BY-SA 3.0",
      "authors": "Thane Brimhall (pennomi),laetissima,Matthew Krohn (makrohn)",
      "urls": "https://opengameart.org/content/lpc-base-character-expressions",
      "notes": ""
    },
    {
      "fileName": "hair/long_band/adult/fg/blonde.png",
      "licenses": "CC-BY-SA 3.0",
      "authors": "Mandi Paugh,bluecarrot16",
      "urls": "https://opengameart.org/content/fantasy-rpg-npcs,https://opengameart.org/content/lpc-hair",
      "notes": ""
    },
    {
      "fileName": "hair/long_band/adult/bg/blonde.png",
      "licenses": "CC-BY-SA 3.0",
      "authors": "Mandi Paugh,bluecarrot16",
      "urls": "https://opengameart.org/content/fantasy-rpg-npcs,https://opengameart.org/content/lpc-hair",
      "notes": ""
    },
    {
      "fileName": "torso/clothes/sleeveless/sleeveless2/teen/green.png",
      "licenses": "OGA-BY 3.0",
      "authors": "ElizaWy,JaidynReiman,Stephen Challener (Redshrike),Johannes Sjölund (wulax)",
      "urls": "http://opengameart.org/content/lpc-revised-character-basics,https://github.com/ElizaWy/LPC/tree/main/Characters/Clothing,https://opengameart.org/content/lpc-expanded-sit-run-jump-more,https://opengameart.org/content/lpc-expanded-male-shirts",
      "notes": "original by ElizaWy; sleeveless adapted from original by JaidynReiman"
    },
    {
      "fileName": "legs/shorts/short_shorts/thin/navy.png",
      "licenses": "OGA-BY 3.0",
      "authors": "ElizaWy,JaidynReiman,Johannes Sjölund (wulax),Stephen Challener (Redshrike)",
      "urls": "https://github.com/ElizaWy/LPC/tree/main/Characters/Clothing,https://opengameart.org/content/lpc-expanded-sit-run-jump-more,https://opengameart.org/content/lpc-expanded-pants",
      "notes": "Original bases by Redshrike, thrust/shoot bases by Wulax, original shorts by ElizaWy, climb/jump/run/sit/emotes/revised combat by JaidynReiman"
    },
    {
      "fileName": "feet/shoes/basic/thin/white.png",
      "licenses": "OGA-BY 3.0,CC-BY-SA 3.0,GPL 3.0",
      "authors": "JaidynReiman,Joe White,Johannes Sjölund (wulax)",
      "urls": "https://opengameart.org/content/lpc-medieval-fantasy-character-sprites,http://opengameart.org/content/lpc-clothing-updates,https://opengameart.org/content/lpc-expanded-socks-shoes",
      "notes": "original by wulax, edited for female base by Joe White, edited for v3 base by bluecarrot16, Jump/Sit/Emote/Run/Revised Combat by JaidynReiman"
    }
  ],
  "layers": [
    {
      "fileName": "hair/long_band/adult/bg/blonde.png",
      "zPos": 9,
      "parentName": "hair",
      "name": "Long_band",
      "variant": "blonde",
      "supportedAnimations": "spellcast,thrust,walk,slash,shoot,hurt,watering,idle,jump,run,sit,emote,climb,combat,1h_slash,1h_backslash,1h_halfslash"
    },
    {
      "fileName": "body/bodies/teen/light.png",
      "zPos": 10,
      "parentName": "body",
      "name": "Body_color",
      "variant": "light",
      "supportedAnimations": "spellcast,thrust,walk,slash,shoot,hurt,watering,idle,jump,run,sit,emote,climb,combat,1h_slash,1h_backslash,1h_halfslash"
    },
    {
      "fileName": "feet/shoes/basic/thin/white.png",
      "zPos": 15,
      "parentName": "shoes",
      "name": "Basic_Shoes",
      "variant": "white",
      "supportedAnimations": "spellcast,thrust,walk,slash,shoot,hurt,watering,idle,jump,run,sit,emote,climb,combat,1h_slash,1h_backslash,1h_halfslash"
    },
    {
      "fileName": "legs/shorts/short_shorts/thin/navy.png",
      "zPos": 20,
      "parentName": "legs",
      "name": "Short_Shorts",
      "variant": "navy",
      "supportedAnimations": "spellcast,thrust,walk,slash,shoot,hurt,watering,idle,jump,run,sit,emote,climb,combat,1h_slash,1h_backslash,1h_halfslash"
    },
    {
      "fileName": "torso/clothes/sleeveless/sleeveless2/teen/green.png",
      "zPos": 35,
      "parentName": "clothes",
      "name": "Sleeveless_2",
      "variant": "green",
      "supportedAnimations": "spellcast,thrust,walk,slash,shoot,hurt,watering,idle,jump,run,sit,emote,climb,combat,1h_slash,1h_backslash,1h_halfslash"
    },
    {
      "fileName": "head/heads/human/male/light.png",
      "zPos": 100,
      "parentName": "head",
      "name": "Human_male",
      "variant": "light",
      "supportedAnimations": "spellcast,thrust,walk,slash,shoot,hurt,watering,idle,jump,run,sit,emote,climb,combat,1h_slash,1h_backslash,1h_halfslash"
    },
    {
      "fileName": "eyes/human/adult/undefined/blue.png",
      "zPos": 105,
      "parentName": "eye_color",
      "name": "Eye_Color",
      "variant": "blue",
      "supportedAnimations": "spellcast,thrust,walk,slash,shoot,hurt,watering,idle,jump,run,sit,emote,climb,combat,1h_slash,1h_backslash,1h_halfslash"
    },
    {
      "fileName": "head/nose/straight/adult/light.png",
      "zPos": 105,
      "parentName": "nose",
      "name": "Straight_nose",
      "variant": "light",
      "supportedAnimations": "spellcast,thrust,walk,slash,shoot,hurt,watering,idle,jump,run,sit,emote,climb,combat,1h_slash,1h_backslash,1h_halfslash"
    },
    {
      "fileName": "hair/long_band/adult/fg/blonde.png",
      "zPos": 120,
      "parentName": "hair",
      "name": "Long_band",
      "variant": "blonde",
      "supportedAnimations": "spellcast,thrust,walk,slash,shoot,hurt,watering,idle,jump,run,sit,emote,climb,combat,1h_slash,1h_backslash,1h_halfslash"
    }
  ]
}